id,model,process_size_nm,transistor_count,die_size_mm2,launch_price_usd,release_date,core_count,thread_count,frequency_ghz,tdp_w,foundry
1,Xeon E5-2660 v2,22.0,1400.0,160,,2013-09-01,10,20,2.2,95.0,INTEL
2,Pentium G3440,22.0,1400.0,177,,2014-05-01,2,2,3.3,54.0,INTEL
3,Core i5-12400F,10.0,,163,174.0,2022-01-04,6,12,2.5,65.0,INTEL
4,Core i7-3770,22.0,1400.0,160,278.0,2012-04-29,4,8,3.4,77.0,INTEL
5,Opteron 6212,,,,,,,,,,
6,Core i7-9700KF,14.0,,180.3,374.0,2019-01-08,8,8,3.6,95.0,INTEL
7,Core i7-3930K C2,,,,,,,,,,
8,Core i9-10920X,14.0,,,,2019-10-19,12,24,3.5,165.0,INTEL
9,Ryzen 5 7600,5.0,6570.0,71,229.0,2023-01-14,6,12,3.8,65.0,TSMC
10,Ryzen Threadripper PRO 5965WX,7.0,16600.0,324,2399.0,2022-03-08,24,48,3.8,280.0,TSMC
11,Pentium G2130,22.0,,94,,2013-01-21,2,2,3.2,55.0,INTEL
12,Xeon E3-1245V3,,,,,,,,,,
13,Athlon 5150,28.0,,107,,2014-04-09,4,4,1.6,25.0,GLOBALFOUNDRIES
14,Core i3-8300,14.0,,126,138.0,2018-02-14,4,4,3.7,62.0,INTEL
15,EPYC 7502P,7.0,3800.0,74,,2019-08-07,32,64,2.5,180.0,TSMC
16,Xeon E3-1270V5,,,,,,,,,,
17,Core i3-4170,,,,,,,,,,
18,Ryzen Threadripper 2990WX,12.0,19200.0,852,1799.0,2018-08-13,32,64,3.0,250.0,GLOBALFOUNDRIES
19,Opteron 6320,,,,,,,,,,
20,Core i3-3250,,,,,,,,,,
21,Ryzen 3 3100,7.0,3800.0,74,99.0,2020-04-24,4,8,3.6,65.0,TSMC
22,Core i5-11400F,14.0,,276,,2021-03-16,6,12,2.6,65.0,INTEL
23,Core i3-6100T,,,,,,,,,,
24,Core i5-10500,14.0,,,,2020-04-30,6,12,3.1,65.0,INTEL
25,Ryzen 5 7600X,5.0,6570.0,71,299.0,2022-09-27,6,12,4.7,105.0,TSMC
26,Celeron G3900 ,14.0,1400.0,150,,2015-09-01,2,2,2.8,51.0,INTEL
27,Core i5-7640X,14.0,,,,2017-06-26,4,4,3.9,112.0,INTEL
28,EPYC 7402P,7.0,3800.0,74,,2019-08-07,24,48,2.8,180.0,TSMC
29,Core i5-3340,22.0,,118,,2013-01-01,2,4,2.7,35.0,INTEL
30,Ryzen 5 2400G,14.0,4950.0,210,169.0,2018-02-12,4,8,3.6,65.0,GLOBALFOUNDRIES
31,A10-7870K,28.0,2411.0,245,,2015-05-28,4,4,3.9,95.0,GLOBALFOUNDRIES
32,Core i3-3245,,,,,,,,,,
33,Xeon E5-2609 v4,,,,,,,,,,
34,Pentium B950,32.0,504.0,131,,2011-06-19,2,2,2.1,35.0,INTEL
35,Xeon E5-2420,32.0,1270.0,294,,2012-05-14,6,12,1.9,95.0,INTEL
36,Xeon E3-1240V5,,,,,,,,,,
37,Core i3-4360,22.0,1400.0,177,,2014-05-01,2,4,3.7,54.0,INTEL
38,Athlon X2 340,32.0,1303.0,246,,2012-10-02,2,2,3.2,65.0,GLOBALFOUNDRIES
39,Celeron G1840,22.0,1400.0,177,,2014-05-01,2,2,2.8,54.0,INTEL
40,Xeon E3-1220V6,,,,,,,,,,
41,Core i3-12100,10.0,,163,122.0,2022-01-04,4,8,3.3,60.0,INTEL
42,Core i3-2120T,32.0,504.0,131,,2011-09-04,2,4,2.6,35.0,INTEL
43,Core i9-10940X,14.0,,,,2019-10-19,14,28,3.3,165.0,INTEL
44,Celeron G1830,22.0,1400.0,177,,2013-12-01,2,2,2.8,54.0,INTEL
45,FX 9370,32.0,1200.0,315,,2013-06-11,8,8,4.4,220.0,GLOBALFOUNDRIES
46,Core i3-6320,14.0,1400.0,150,,2015-09-01,2,4,3.9,51.0,INTEL
47,Pentium G6500,14.0,,,,2020-04-30,2,4,4.1,58.0,INTEL
48,A6-7480,28.0,3100.0,250,,2018-10-26,2,2,3.5,45.0,GLOBALFOUNDRIES
49,Core i9-7900X,14.0,,,,2017-06-26,10,20,3.3,140.0,INTEL
50,Core i3-3220T,22.0,,94,,2012-09-03,2,4,2.8,35.0,INTEL
51,Core i5-10600KF,14.0,,,,2020-04-30,6,12,4.1,95.0,INTEL
52,A4-6300,32.0,1303.0,246,,2013-06-01,2,2,3.7,65.0,
53,Core i5-12400,10.0,,163,199.0,2022-01-04,6,12,2.5,65.0,INTEL
54,Ryzen 7 3800XT,7.0,3800.0,74,399.0,2020-07-07,8,16,3.8,105.0,TSMC
55,Celeron G540,32.0,504.0,131,,2011-09-04,2,2,2.5,65.0,INTEL
56,Core i9-9900,14.0,,180.3,423.0,2019-04-23,8,16,3.1,65.0,INTEL
57,Core i7-6850K,14.0,3400.0,246,617.0,2016-05-31,6,12,3.6,140.0,INTEL
58,Pentium G5600,14.0,,126,86.0,2018-04-02,2,4,3.9,54.0,INTEL
59,Core i5-4670,22.0,1400.0,177,,2013-06-02,4,4,3.4,84.0,INTEL
60,Ryzen 3 3200G,12.0,49.0,210,,2019-07-07,4,4,3.6,65.0,GLOBALFOUNDRIES
61,Core i7-4790S,22.0,1400.0,177,312.0,2014-05-11,4,8,3.2,65.0,INTEL
62,Core i9-11900KF,14.0,,276,513.0,2021-03-16,8,16,3.5,125.0,INTEL
63,FX 6100,32.0,1200.0,315,,2011-10-12,6,6,3.3,95.0,
64,FX 8370E,32.0,1200.0,315,,2014-09-02,8,8,3.3,95.0,
65,Opteron 4280,,,,,,,,,,
66,Core i3-9350KF,14.0,,126,173.0,2019-01-08,4,4,4.0,91.0,INTEL
67,Ryzen 5 2600,12.0,4800.0,213,199.0,2018-04-19,6,12,3.4,65.0,GLOBALFOUNDRIES
68,Core i7-3970X,32.0,2270.0,435,,2012-11-01,6,12,3.5,150.0,INTEL
69,Core i7-7700K,14.0,,,,2017-01-03,4,8,4.2,91.0,INTEL
70,Xeon E3-1230V3,,,,,,,,,,
71,Core i7-4790,22.0,1400.0,177,312.0,2014-05-01,4,8,3.6,84.0,INTEL
72,Xeon E3-1225V2,,,,,,,,,,
73,Ryzen 7 1700X,14.0,4800.0,213,399.0,2017-03-02,8,16,3.4,95.0,GLOBALFOUNDRIES
74,Xeon E5603,32.0,1170.0,239,,2011-02-14,4,4,1.6,80.0,INTEL
75,Ryzen Threadripper PRO 5995WX,7.0,33200.0,648,6499.0,2022-03-08,64,128,2.7,280.0,TSMC
76,Core I3-2370M,32.0,624.0,149,,2012-01-01,2,4,2.4,35.0,INTEL
77,Xeon E5-1620 v3,22.0,2600.0,356,,2014-09-08,4,8,3.5,140.0,INTEL
78,Ryzen Threadripper 2970WX,12.0,19200.0,852,1299.0,2018-10-02,24,48,3.0,250.0,GLOBALFOUNDRIES
79,Xeon E3-1270V6,,,,,,,,,,
80,FX 6300,32.0,1200.0,315,132.0,2012-10-23,6,6,3.5,95.0,GLOBALFOUNDRIES
81,Core i7-4771,22.0,1400.0,177,320.0,2013-09-01,4,8,3.5,84.0,INTEL
82,Xeon E5-2643,32.0,1270.0,294,,2012-03-06,4,8,3.3,130.0,INTEL
83,Xeon E5-2630,32.0,2270.0,435,,2012-03-06,6,12,2.3,95.0,INTEL
84,Core i5-11600,14.0,,276,,2021-03-16,6,12,2.8,65.0,INTEL
85,Ryzen 7 5800X,7.0,4150.0,81,449.0,2020-11-05,8,16,3.8,105.0,TSMC
86,Core i5-4440,22.0,1400.0,177,,2013-09-01,4,4,3.1,84.0,INTEL
87,Core i3-9320,14.0,,126,154.0,2019-04-23,4,4,3.7,62.0,INTEL
88,Athlon X4 870K,28.0,2411.0,245,,2015-12-01,4,4,3.9,95.0,GLOBALFOUNDRIES
89,Ryzen 5 1600X,14.0,4800.0,213,249.0,2017-04-11,6,12,3.6,95.0,GLOBALFOUNDRIES
90,Core i9-11900K,14.0,,276,539.0,2021-03-16,8,16,3.5,125.0,INTEL
91,Ryzen Threadripper 1950X,14.0,9600.0,426,999.0,2017-08-10,16,32,3.4,180.0,GLOBALFOUNDRIES
92,A6-6400K,32.0,1303.0,246,,2013-06-01,2,2,3.9,65.0,GLOBALFOUNDRIES
93,Core i3-4000M,22.0,1400.0,118,,2013-09-04,2,4,2.4,37.0,INTEL
94,Core i3-8350K,14.0,,126,168.0,2017-10-05,4,4,4.0,91.0,INTEL
95,Core i9-9960X,14.0,,,,2018-10-19,16,32,3.1,165.0,INTEL
96,Celeron G3930,14.0,,,,2017-01-03,2,2,2.9,51.0,INTEL
97,Ryzen Threadripper PRO 5975WX,7.0,16600.0,324,3299.0,2022-03-08,32,64,3.6,280.0,TSMC
98,Core i3-4350,22.0,1400.0,177,,2014-05-01,2,4,3.6,54.0,INTEL
99,Ryzen 3 3300X,7.0,3800.0,74,120.0,2020-04-24,4,8,3.8,65.0,TSMC
100,Ryzen 5 Pro 3600,,,,,,,,,,
101,Core i3-7300T,14.0,,,,2017-01-03,2,4,3.5,35.0,INTEL
102,Ryzen 7 3700X,7.0,3800.0,74,329.0,2019-07-07,8,16,3.6,65.0,TSMC
103,Ryzen 7 5700G,7.0,10700.0,180,,2021-04-13,8,16,3.8,65.0,TSMC
104,Athlon X4 880K,28.0,2411.0,245,,2015-12-01,4,4,4.0,95.0,GLOBALFOUNDRIES
105,Core i7-12700KF,10.0,,215,384.0,2021-11-04,12,20,3.6,125.0,INTEL
106,Core i7-3610QM,22.0,1400.0,160,378.0,2012-04-23,4,8,2.3,45.0,INTEL
107,Core i3-7350K,14.0,,,,2017-01-03,2,4,4.2,60.0,INTEL
108,Xeon Silver 4110,,,,,,,,,,
109,Ryzen 7 2700,12.0,4800.0,213,299.0,2018-04-19,8,16,3.2,65.0,GLOBALFOUNDRIES
110,Athlon 240GE,14.0,4950.0,209.8,75.0,2018-12-21,2,4,3.5,35.0,GLOBALFOUNDRIES
111,Ryzen Threadripper 3990X,7.0,30400.0,592,3990.0,2020-02-07,64,128,2.9,280.0,TSMC
112,Core i7-6700K,14.0,,,,2015-08-01,4,8,4.0,95.0,INTEL
113,EPYC 7351,14.0,4800.0,213,,2017-06-29,16,32,2.4,170.0,GLOBALFOUNDRIES
114,Core i3-4160,22.0,1400.0,177,,2014-07-21,2,4,3.6,54.0,INTEL
115,Celeron G4900,14.0,,126,42.0,2018-04-03,2,2,3.1,54.0,INTEL
116,Ryzen 9 7950X3D,5.0,13140.0,142,699.0,2023-01-04,16,32,4.2,120.0,TSMC
117,Ryzen 7 1800X,14.0,4800.0,213,499.0,2017-03-02,8,16,3.6,95.0,GLOBALFOUNDRIES
118,Core i9-9820X,14.0,,,,2018-10-19,10,20,3.3,165.0,INTEL
119,Celeron B820,32.0,504.0,131,,2012-07-01,2,2,1.7,35.0,INTEL
120,Ryzen 3 PRO 4350G,7.0,9800.0,156,,2020-07-21,4,8,3.8,65.0,TSMC
121,Ryzen 3 1300X,14.0,4800.0,213,129.0,2017-07-27,4,4,3.4,65.0,GLOBALFOUNDRIES
122,Xeon E5-2670 v3,,,,,,,,,,
123,Celeron G1610,22.0,,94,,2012-12-03,2,2,2.6,55.0,INTEL
124,Xeon E5-2609 v3,22.0,2600.0,356,306.0,2014-09-08,6,6,1.9,85.0,INTEL
125,Core i7-4930K,22.0,1860.0,257,,2013-09-01,6,12,3.4,130.0,INTEL
126,Core i5-12600KF,10.0,,215,264.0,2021-11-04,10,16,3.7,125.0,INTEL
127,FX 8300,32.0,1200.0,315,,2012-10-23,8,8,3.3,95.0,
128,Core i5-4590,22.0,1400.0,177,,2014-05-01,4,4,3.3,84.0,INTEL
129,Ryzen 7 5700X,7.0,4150.0,81,299.0,2022-04-04,8,16,3.4,65.0,TSMC
130,Core i5-9400,14.0,,,,2018-10-19,6,6,2.9,65.0,INTEL
131,Celeron 1000M,22.0,1400.0,118,,2013-01-20,2,2,1.8,35.0,INTEL
132,Ryzen Threadripper PRO 3995WX,7.0,30400.0,592,5489.0,2020-07-14,64,128,2.7,280.0,TSMC
133,Ryzen 7 7700,5.0,6570.0,70,329.0,2023-01-14,8,16,4.3,65.0,TSMC
134,Core i9-10900KF,14.0,,,,2020-04-30,10,20,3.7,125.0,INTEL
135,A6-9500E,28.0,3100.0,250,,2016-09-05,2,2,3.0,35.0,
136,A4-4020,32.0,1303.0,246,,2014-01-01,2,2,3.2,65.0,GLOBALFOUNDRIES
137,Core i9-7960X,14.0,,,,2017-09-01,16,32,2.8,165.0,INTEL
138,Xeon E5-1620 v2,22.0,1860.0,257,,2013-09-10,4,8,3.7,130.0,INTEL
139,Core i3-10100,14.0,,,,2020-04-30,4,8,3.6,65.0,INTEL
140,Pentium G3260,,,,,,,,,,
141,Opteron 6128,,,,,,,,,,
142,Core i5-6600,14.0,,177,,2015-07-02,4,4,3.3,65.0,INTEL
143,EPYC 7702P,7.0,3800.0,74,,2019-08-07,64,128,2.0,200.0,TSMC
144,FX 8150,32.0,1200.0,315,,2011-10-12,8,8,3.6,125.0,
145,Opteron 6274,32.0,2400.0,316,,2011-11-14,16,16,2.2,115.0,
146,Core i5-7600,14.0,,,,2017-01-03,4,4,3.5,65.0,INTEL
147,Ryzen 5 PRO 5650G,7.0,10700.0,180,,2021-06-01,6,12,3.9,65.0,TSMC
148,Core i7-4770S,22.0,1400.0,177,305.0,2013-06-02,4,8,3.1,65.0,INTEL
149,Celeron G1820,22.0,1400.0,177,,2013-12-01,2,2,2.7,54.0,INTEL
150,A8-6600K,32.0,1303.0,246,,2013-06-01,4,4,3.9,100.0,GLOBALFOUNDRIES
151,Xeon E5-2640 v2,22.0,1400.0,160,,2013-09-01,8,16,2.0,95.0,INTEL
152,Athlon 5350,28.0,,107,55.0,2014-04-09,4,4,2.05,25.0,GLOBALFOUNDRIES
153,A4-7300,32.0,1303.0,246,,2014-08-01,2,2,3.8,65.0,GLOBALFOUNDRIES
154,Core i3-4340,22.0,1400.0,177,,2013-09-01,2,4,3.6,54.0,INTEL
155,Core i3-3240,22.0,,94,,2012-09-03,2,4,3.4,55.0,INTEL
156,Opteron 6338P,,,,,,,,,,
157,Core i3-6300,14.0,1400.0,150,,2015-09-01,2,4,3.8,51.0,INTEL
158,Xeon E5-2620 v2,22.0,1400.0,160,,2013-09-01,6,12,2.1,80.0,INTEL
159,Athlon II X2 270,45.0,410.0,117,,2011-07-01,2,2,3.4,65.0,
160,Celeron B800,32.0,504.0,131,,2011-06-19,2,2,1.5,35.0,INTEL
161,Opteron 6272,32.0,2400.0,316,,2011-11-14,16,16,2.1,115.0,
162,Core i9-9980XE,14.0,,,,2018-10-19,18,36,3.0,165.0,INTEL
163,Pentium G3430,22.0,1400.0,177,,2013-09-01,2,2,3.3,54.0,INTEL
164,Core i7-7800X,14.0,,,,2017-06-26,6,12,3.5,140.0,INTEL
165,FX 6350,32.0,1200.0,315,,2013-04-29,6,6,3.9,125.0,
166,A10-6700,32.0,1303.0,246,,2013-06-01,4,4,3.7,65.0,GLOBALFOUNDRIES
167,Pentium G3460,22.0,1400.0,177,,2014-07-21,2,2,3.5,54.0,INTEL
168,Celeron G6900,10.0,,,52.0,2022-01-04,2,2,3.4,46.0,INTEL
169,Sempron X2 190,,,,,,,,,,
170,Core i5-7500,14.0,,,,2017-01-03,4,4,3.4,65.0,INTEL
171,Ryzen 5 5600,7.0,4150.0,81,199.0,2022-04-20,6,12,3.5,65.0,TSMC
172,Core i3-9300,14.0,,126,143.0,2019-04-23,4,4,3.7,62.0,INTEL
173,Celeron G5925,,,,,,,,,,
174,Xeon E5-2640 v3,22.0,2600.0,356,939.0,2014-09-08,8,16,2.6,90.0,INTEL
175,Core i9-10900X,14.0,,,,2019-10-19,10,20,3.7,165.0,INTEL
176,Core i3-6300T,,,,,,,,,,
177,Core i9-9900KF,14.0,,180.3,488.0,2019-01-08,8,16,3.6,95.0,INTEL
178,Core i7-3770K,22.0,1400.0,160,313.0,2012-04-29,4,8,3.5,77.0,INTEL
179,Athlon X4 860K,28.0,2411.0,245,,2014-08-12,4,4,3.7,95.0,GLOBALFOUNDRIES
180,Core i7-5960X,22.0,2600.0,356,,2014-09-01,8,16,3.0,140.0,INTEL
181,Core i3-7100,14.0,,,,2017-01-03,2,4,3.9,51.0,INTEL
182,Xeon E5-2403 v2,22.0,1400.0,160,,2013-09-01,4,4,1.8,80.0,INTEL
183,Sempron 3850,28.0,,107,,2014-04-09,4,4,1.3,25.0,GLOBALFOUNDRIES
184,Celeron 1005M,,,,,,,,,,
185,Pentium G2030,,,,,,,,,,
186,Pentium G6405,14.0,,,,2021-03-16,2,4,4.1,65.0,INTEL
187,Xeon E3-1220V3,,,,,,,,,,
188,Xeon E3-1270V2,,,,,,,,,,
189,Core i5-11500,14.0,,276,,2021-03-16,6,12,2.7,65.0,INTEL
190,Core I5-4210M,,,,,,,,,,
191,Xeon E5-2609,32.0,1270.0,294,,2012-03-06,4,4,2.4,80.0,INTEL
192,Xeon E3-1230V2,,,,,,,,,,
193,Core i5-7600K,14.0,,,,2017-01-03,4,4,3.8,91.0,INTEL
194,Core i5-6600K,14.0,,,,2015-07-02,4,4,3.5,95.0,INTEL
195,A10-6800K,32.0,1303.0,246,,2013-06-01,4,4,4.1,100.0,GLOBALFOUNDRIES
196,Core i5-9500,14.0,,,,2018-10-19,6,6,3.0,65.0,INTEL
197,Xeon E5-2623 v3,22.0,2600.0,356,444.0,2014-09-08,4,8,3.0,105.0,INTEL
198,Pentium G4500,14.0,1400.0,150,,2015-09-01,2,2,3.5,51.0,INTEL
199,A6-7470K,28.0,2411.0,245,,2016-02-02,2,2,3.7,65.0,GLOBALFOUNDRIES
200,Ryzen 7 2700 MAX,,,,,,,,,,
201,Celeron G4930,,,,,,,,,,
202,Pentium G4400,14.0,1400.0,150,,2015-09-01,2,2,3.3,51.0,INTEL
203,A10-9700E,28.0,3100.0,250,,2017-07-27,4,4,3.0,35.0,GLOBALFOUNDRIES
204,Core i9-10980XE,14.0,,,,2019-10-19,18,36,3.0,165.0,INTEL
205,A8-5600K,32.0,1303.0,246,,2012-10-02,4,4,3.6,100.0,GLOBALFOUNDRIES
206,Core i3-2130,32.0,504.0,131,,2011-09-04,2,4,3.4,65.0,INTEL
207,Celeron G5920,14.0,,,,2020-04-30,2,2,3.5,58.0,INTEL
208,Core I3-4100M,,,,,,,,,,
209,Core i7-9700,14.0,,180.3,333.0,2019-04-23,8,8,3.0,65.0,INTEL
210,Pentium G2140,,,,,,,,,,
211,Xeon E5-2687,32.0,2270.0,435,,2012-03-06,8,16,3.1,150.0,INTEL
212,Ryzen 9 7900,5.0,13140.0,142,429.0,2023-01-14,12,24,3.7,65.0,TSMC
213,Core i5-9600,14.0,,,,2018-10-19,6,6,3.1,65.0,INTEL
214,Core i3-9100,14.0,,126,122.0,2018-09-01,4,4,3.6,65.0,INTEL
215,Ryzen 9 3950X,7.0,7600.0,148,749.0,2019-11-25,16,32,3.5,105.0,TSMC
216,Core i3-7320,14.0,,,,2017-01-03,2,4,4.1,51.0,INTEL
217,Xeon E5-2630 v4,,,,,,,,,,
218,Celeron G1630,22.0,,94,,2013-09-01,2,2,2.8,55.0,INTEL
219,Ryzen 5 3600,7.0,3800.0,74,199.0,2019-07-07,6,12,3.6,65.0,TSMC
220,Core i3-10105F,14.0,,,,2021-03-16,4,8,3.7,65.0,INTEL
221,Core i5-3470S,22.0,,133,,2012-06-01,4,4,2.9,65.0,INTEL
222,Core i7-9700K,14.0,,180.3,385.0,2018-10-19,8,8,3.6,95.0,INTEL
223,Athlon 220GE,14.0,4950.0,209.8,65.0,2018-12-21,2,4,3.4,35.0,GLOBALFOUNDRIES
224,Ryzen 9 7900X3D,5.0,13140.0,142,599.0,2023-01-04,12,24,4.4,120.0,TSMC
225,Celeron G3950,14.0,,,,2017-01-03,2,2,3.0,51.0,INTEL
226,Core i7-7820X,14.0,,,,2017-06-26,8,16,3.6,140.0,INTEL
227,Ryzen 3 2200G,14.0,4950.0,210,99.0,2018-02-12,4,4,3.5,65.0,GLOBALFOUNDRIES
228,Core i5-7400,14.0,,,,2017-01-03,4,4,3.0,65.0,INTEL
229,Ryzen 7 2700X,12.0,4800.0,213,329.0,2018-04-19,8,16,3.7,105.0,GLOBALFOUNDRIES
230,Athlon X4 740,32.0,1303.0,246,,2012-10-02,4,4,3.2,65.0,GLOBALFOUNDRIES
231,Athlon X4 750K,32.0,1303.0,246,,2012-10-02,4,4,3.4,100.0,GLOBALFOUNDRIES
232,Core i7-5930K,22.0,2600.0,356,,2014-09-01,6,12,3.5,140.0,INTEL
233,Core i9-10850K,14.0,,206,,2020-07-27,10,20,3.6,125.0,INTEL
234,Core i5-8600K,14.0,,,,2017-10-05,6,6,3.6,95.0,INTEL
235,Core i3-4130T,22.0,1400.0,177,,2013-09-01,2,4,2.9,35.0,INTEL
236,Ryzen 5 1600,14.0,4800.0,213,219.0,2017-04-11,6,12,3.2,65.0,GLOBALFOUNDRIES
237,Xeon E3-1231V3,,,,,,,,,,
238,Pentium G4560,14.0,,,,2017-01-03,2,4,3.5,51.0,INTEL
239,Core i7-8086K,14.0,,,425.0,2018-06-05,6,12,4.0,95.0,INTEL
240,Ryzen 9 5950X,7.0,4150.0,81,799.0,2020-11-05,16,32,3.4,105.0,TSMC
241,Ryzen 7 7700X,5.0,6570.0,70,399.0,2022-09-27,8,16,4.5,105.0,TSMC
242,Pentium G3450,22.0,1400.0,177,,2014-05-01,2,2,3.3,54.0,INTEL
243,Core i3-10100F,,,,,,,,,,
244,Core i7-6700,14.0,,,,2015-07-01,4,8,3.4,65.0,INTEL
245,A6-6420K,32.0,1303.0,246,,2014-01-01,2,2,4.0,65.0,GLOBALFOUNDRIES
246,Xeon E5-2650 v2,22.0,1400.0,160,,2013-09-01,8,16,2.6,95.0,INTEL
247,Ryzen 3 4300G,7.0,9800.0,156,,2020-07-21,4,8,3.8,65.0,TSMC
248,EPYC 7351P,14.0,4800.0,213,,2017-06-29,16,32,2.4,170.0,GLOBALFOUNDRIES
249,Core i5-4460,,,,,,,,,,
250,Pentium G2020,22.0,,94,,2013-01-21,2,2,2.9,55.0,INTEL
251,A10-6790K,32.0,1303.0,246,,2013-10-28,4,4,4.0,100.0,GLOBALFOUNDRIES
252,Core i9-12900K,10.0,,215,599.0,2021-11-04,16,24,3.2,125.0,INTEL
253,Pentium G5400,14.0,,126,64.0,2018-04-02,2,4,3.7,58.0,INTEL
254,FX 4100,32.0,1200.0,315,,2011-10-12,4,4,3.6,95.0,
255,Xeon E5-2609 v2,22.0,1400.0,160,,2013-09-01,4,4,2.5,80.0,INTEL
256,Core i7-12700,10.0,,215,349.0,2022-01-01,12,20,2.1,65.0,INTEL
257,Core i3-12100F,10.0,,163,97.0,2022-01-01,4,8,3.3,58.0,INTEL
258,Core i5-4590S,22.0,1400.0,177,,2014-05-01,4,4,2.9,65.0,INTEL
259,Core i3-6100,14.0,1400.0,150,,2015-09-01,2,4,3.7,51.0,INTEL
260,Celeron G1850,22.0,1400.0,177,,2014-05-01,2,2,2.9,54.0,INTEL
261,Core i7-4770K,22.0,1400.0,177,350.0,2013-06-02,4,8,3.5,84.0,INTEL
262,Pentium G3258,22.0,960.0,131,,2014-06-02,2,2,3.2,54.0,INTEL
263,Ryzen 3 4100,7.0,9800.0,156,99.0,2022-04-04,4,8,3.8,65.0,TSMC
264,Xeon E5-2403,32.0,1270.0,294,,2012-05-14,4,8,1.8,80.0,INTEL
265,A10-5800K,32.0,1303.0,246,,2012-10-02,4,4,3.8,100.0,GLOBALFOUNDRIES
266,Core i7-10700KF,14.0,,,,2020-04-30,8,16,3.8,125.0,INTEL
267,Ryzen Threadripper 2920X,12.0,9600.0,426,649.0,2018-10-03,12,24,3.5,180.0,GLOBALFOUNDRIES
268,A6-7400K,28.0,2411.0,245,,2014-07-31,2,2,3.5,65.0,GLOBALFOUNDRIES
269,Core i5-12500,10.0,,163,212.0,2022-01-04,6,12,3.0,65.0,INTEL
270,A12-9800,28.0,3100.0,250,,2017-07-27,4,4,3.8,65.0,GLOBALFOUNDRIES
271,Xeon E3-1240V6,,,,,,,,,,
272,Ryzen 9 7950X,5.0,13140.0,140,699.0,2022-09-27,16,32,4.5,170.0,TSMC
273,Core i9-10900K,14.0,,206,,2020-04-30,10,20,3.7,125.0,INTEL
274,Core i9-7940X,14.0,,,,2017-09-01,14,28,3.1,165.0,INTEL
275,Xeon E5-2670,32.0,2270.0,435,,2012-03-06,8,16,2.6,115.0,INTEL
276,Xeon E5-2630 v3,22.0,2600.0,356,667.0,2014-09-08,8,16,2.4,85.0,INTEL
277,Core i9-12900F,10.0,,215,494.0,2022-01-04,16,24,2.4,65.0,INTEL
278,Core i9-9900X,14.0,,,,2018-10-19,10,20,3.5,165.0,INTEL
279,FX 9590-WOX,,,,,,,,,,
280,Core i5-10600K,14.0,,,,2020-04-30,6,12,4.1,125.0,INTEL
281,FX 8350,32.0,1200.0,315,199.0,2012-10-23,8,8,4.0,125.0,GLOBALFOUNDRIES
282,Core i9-11900,14.0,,276,439.0,2021-03-16,8,16,2.5,65.0,INTEL
283,Ryzen 9 3900XT,7.0,7600.0,148,499.0,2020-07-07,12,24,3.9,105.0,TSMC
284,Ryzen 5 1500X,14.0,4800.0,213,189.0,2017-04-11,4,8,3.5,65.0,GLOBALFOUNDRIES
285,Core i7-8700K,14.0,,154,,2017-10-05,6,12,3.7,95.0,INTEL
286,Pentium G630T,32.0,504.0,131,,2011-09-04,2,2,2.3,35.0,INTEL
287,Xeon E5645,32.0,1170.0,239,,2010-03-16,6,12,2.4,80.0,INTEL
288,Core i5-3330,22.0,,133,,2012-09-03,4,4,3.0,77.0,INTEL
289,Xeon E5-2603 v4,,,,,,,,,,
290,Core i5-4570,22.0,1400.0,177,,2013-06-02,4,4,3.2,84.0,INTEL
291,Core i7-4770,22.0,1400.0,177,312.0,2013-06-02,4,8,3.4,84.0,INTEL
292,Athlon X4 950,28.0,3100.0,250,,2017-07-27,4,4,3.5,65.0,GLOBALFOUNDRIES
293,A4-5300,32.0,1303.0,246,,2012-10-02,2,2,3.4,65.0,GLOBALFOUNDRIES
294,FX 9590,32.0,1200.0,315,,2013-06-11,8,8,4.7,220.0,GLOBALFOUNDRIES
295,Xeon E3-1220V5,,,,,,,,,,
296,Ryzen Threadripper 3960X,7.0,15200.0,296,1399.0,2019-11-25,24,48,3.8,280.0,TSMC
297,Ryzen 5 4500 ,7.0,9800.0,156,129.0,2022-04-04,6,12,3.6,65.0,TSMC
298,Ryzen 5 3500X,7.0,3800.0,74,,2019-09-24,6,6,3.6,65.0,TSMC
299,Core i3-4130,22.0,1400.0,177,,2013-09-01,2,4,3.4,54.0,INTEL
300,Ryzen 5 5600X,7.0,4150.0,81,299.0,2020-11-05,6,12,3.7,65.0,TSMC
301,Ryzen Threadripper 3970X,7.0,15200.0,296,1999.0,2019-11-25,32,64,3.7,280.0,TSMC
302,Core i5-12600K,10.0,,215,289.0,2021-11-04,10,16,3.7,125.0,INTEL
303,Ryzen Threadripper 2950X,12.0,9600.0,426,899.0,2018-08-31,16,32,3.5,180.0,GLOBALFOUNDRIES
304,Ryzen 3 1200,14.0,4800.0,213,109.0,2017-07-27,4,4,3.1,65.0,GLOBALFOUNDRIES
305,Sempron 2650,28.0,,107,,2014-04-09,2,2,1.45,25.0,GLOBALFOUNDRIES
306,Ryzen 5 3600XT,7.0,3800.0,74,249.0,2019-07-07,6,12,3.8,95.0,TSMC
307,Ryzen 3 PRO 2100GE,,,,,,,,,,
308,Core i5-9600K,14.0,,,,2018-10-19,6,6,3.7,95.0,INTEL
309,Core I3-2330M,32.0,624.0,149,,2011-06-01,2,4,2.2,35.0,INTEL
310,Pentium G7400,10.0,,,74.0,2022-01-04,2,4,3.7,46.0,INTEL
311,Ryzen Threadripper PRO 3955WX,7.0,15200.0,296,1149.0,2020-07-14,16,32,3.9,280.0,TSMC
312,Core i3-7100T,14.0,,,,2017-01-03,2,4,3.4,35.0,INTEL
313,Celeron 2950M,22.0,1400.0,118,,2013-09-01,2,2,2.0,37.0,INTEL
314,EPYC 7301,14.0,4800.0,213,,2017-06-29,16,32,2.2,170.0,GLOBALFOUNDRIES
315,Core i7-7700,14.0,,,,2017-01-03,4,8,3.6,65.0,INTEL
316,Pentium G6405 (Tray),,,,,,,,,,
317,Core i5-4690K,22.0,1400.0,177,,2014-06-02,4,4,3.5,88.0,INTEL
318,FX 8320,32.0,1200.0,315,169.0,2012-10-23,8,8,3.5,125.0,GLOBALFOUNDRIES
319,Core i5-8400,14.0,,,,2017-10-05,6,6,2.8,65.0,INTEL
320,Xeon E3-1275V6,,,,,,,,,,
321,A8-3870K,32.0,1178.0,228,,2011-12-20,4,4,3.0,100.0,GLOBALFOUNDRIES
322,Xeon E5-2407,32.0,1270.0,294,,2012-05-14,4,8,2.2,80.0,INTEL
323,A6-3500,32.0,1178.0,228,,2011-08-17,3,3,2.1,65.0,
324,Core i3-10105,14.0,,,,2021-03-16,4,8,3.7,65.0,INTEL
325,Core i3-4370,22.0,1400.0,177,,2014-07-21,2,4,3.8,54.0,INTEL
326,Xeon E5-1650 v3,22.0,2600.0,356,,2014-09-08,6,12,3.5,140.0,INTEL
327,Core i3-2120,32.0,504.0,131,,2011-02-20,2,4,3.3,65.0,INTEL
328,Ryzen 7 5800X3D,7.0,,74,449.0,2022-04-20,8,16,3.4,105.0,TSMC
329,Core i5-460M,32.0,382.0,81,,2010-09-26,2,4,2.534,35.0,INTEL
330,Core i5-10600,14.0,,,,2020-04-30,6,12,3.3,65.0,INTEL
331,Core i7-10700,14.0,,,,2020-04-30,8,16,2.9,65.0,INTEL
332,Xeon E3-1225V6,,,,,,,,,,
333,Xeon W3680,32.0,1170.0,239,,2010-03-16,6,12,3.333,130.0,INTEL
334,Core i3-8100,14.0,,126,117.0,2017-10-05,4,4,3.6,65.0,INTEL
335,Celeron B830,32.0,504.0,131,,2012-09-01,2,2,1.8,35.0,INTEL
336,Athlon X4 760K,32.0,1303.0,246,,2013-06-01,4,4,3.8,100.0,GLOBALFOUNDRIES
337,Xeon E3-1245V5,,,,,,,,,,
338,Pentium G3220,22.0,1400.0,177,,2013-09-01,2,2,3.0,54.0,INTEL
339,EPYC 7601,14.0,4800.0,213,,2017-06-29,32,64,2.2,180.0,GLOBALFOUNDRIES
340,Core i9-9940X,14.0,,,,2018-10-19,14,28,3.3,165.0,INTEL
341,Opteron 4122,,,,,,,,,,
342,Pentium G4520,14.0,1400.0,150,,2015-09-01,2,2,3.6,51.0,INTEL
343,Core i5-4570S,22.0,1400.0,177,,2013-06-02,4,4,2.9,65.0,INTEL
344,Core i7-3770S,22.0,1400.0,160,,2012-04-29,4,8,3.1,65.0,INTEL
345,Core i3-350M,32.0,382.0,81,,2010-01-07,2,4,2.267,35.0,INTEL
346,Xeon E3-1225V3,,,,,,,,,,
347,FX 8320E,32.0,1200.0,315,,2014-09-02,8,8,3.2,95.0,
348,Core i7-4712MQ,22.0,1400.0,177,378.0,2013-04-14,4,8,2.3,37.0,INTEL
349,Core i5-4690S,,,,,,,,,,
350,Athlon X4 845,28.0,3100.0,250,,2016-02-02,4,4,3.5,65.0,GLOBALFOUNDRIES
351,Opteron 4386,32.0,1200.0,315,,2012-12-04,8,8,3.1,95.0,
352,Core i5-3450S,22.0,1400.0,160,,2012-04-29,4,4,2.8,65.0,INTEL
353,Xeon E5-2603 v2,22.0,1400.0,160,,2013-09-01,4,4,1.8,80.0,INTEL
354,Opteron 6344,,,,,,,,,,
355,FX 4300,32.0,1200.0,315,122.0,2012-10-23,4,4,3.8,95.0,GLOBALFOUNDRIES
356,Core i9-9900K,14.0,,180.3,488.0,2018-10-19,8,16,3.6,95.0,INTEL
357,Xeon E5-2687W v2,22.0,1400.0,160,,2013-09-01,8,16,3.4,130.0,INTEL
358,Celeron G1620,22.0,,94,,2012-12-03,2,2,2.7,55.0,INTEL
359,Core i3-3110M,22.0,,118,,2012-06-01,2,4,2.4,35.0,INTEL
360,Pentium G5500,14.0,,126,75.0,2018-04-02,2,4,3.8,54.0,INTEL
361,Xeon E5-2420 v2,22.0,1400.0,160,,2013-09-01,6,12,2.2,80.0,INTEL
362,Xeon E5-2620,32.0,2270.0,435,,2012-03-06,6,12,2.0,95.0,INTEL
363,Pentium G6605,14.0,,,,2021-03-16,2,4,4.3,65.0,INTEL
364,Xeon X5650,32.0,1170.0,239,,2010-03-16,6,12,2.666,95.0,INTEL
365,Core i9-7920X,14.0,,,,2017-09-10,12,24,2.9,140.0,INTEL
366,EPYC 7551,14.0,4800.0,213,,2017-06-29,32,64,2.0,180.0,GLOBALFOUNDRIES
367,Xeon E3-1245V2,,,,,,,,,,
368,Core i5-11600K,14.0,,276,,2021-03-16,6,12,3.9,125.0,INTEL
369,Core i7-11700K,14.0,,,,2021-03-16,8,16,3.6,125.0,INTEL
370,Core i5-5675C,14.0,,182,276.0,2015-05-15,4,4,3.1,65.0,INTEL
371,Athlon 200GE,14.0,4950.0,209.8,55.0,2018-09-06,2,4,3.2,35.0,GLOBALFOUNDRIES
372,Core i5-4670K,22.0,1400.0,177,,2013-06-02,4,4,3.4,84.0,INTEL
373,Core i9-12900KF,10.0,,215,564.0,2021-11-04,16,24,3.2,125.0,INTEL
374,Xeon E5-2640,32.0,2270.0,435,,2012-03-06,6,12,2.5,95.0,INTEL
375,Core i5-2320,32.0,1160.0,216,,2011-09-04,4,4,3.0,95.0,INTEL
376,FX 4350,32.0,1200.0,315,,2013-04-29,4,4,4.2,125.0,
377,Athlon X4 840,28.0,2411.0,245,,2014-08-12,4,4,3.1,65.0,GLOBALFOUNDRIES
378,Core i5-9500F,14.0,,,,2019-04-23,6,6,3.0,65.0,INTEL
379,Pentium G3240,,,,,,,,,,
380,Core i5-11600KF,14.0,,276,,2021-03-16,6,12,3.9,125.0,INTEL
381,Core i5-6400,14.0,,177,,2015-07-02,4,4,2.7,65.0,INTEL
382,Pentium G6600,14.0,,,,2020-04-30,2,4,4.2,58.0,INTEL
383,Core i5-10400F,14.0,,,,2020-04-30,6,12,2.9,65.0,INTEL
384,Ryzen Threadripper 1900X,14.0,9600.0,426,549.0,2017-08-31,8,16,3.8,180.0,GLOBALFOUNDRIES
385,A10-7800,28.0,2411.0,245,,2014-07-31,4,4,3.5,65.0,GLOBALFOUNDRIES
386,Xeon E5-1650 v4,14.0,3400.0,246,621.0,2016-06-20,6,12,3.6,140.0,INTEL
387,Core i9-7980XE,14.0,,,,2017-09-01,18,36,2.6,165.0,INTEL
388,A8-9600,28.0,3100.0,250,,2017-07-27,4,4,3.1,65.0,GLOBALFOUNDRIES
389,FX 4130,32.0,1200.0,315,,2013-01-30,4,4,3.8,125.0,
390,Core i7-12700K,10.0,,215,409.0,2021-11-04,12,20,3.6,125.0,INTEL
391,Core i7-4790K,22.0,1400.0,177,350.0,2014-05-01,4,8,4.0,88.0,INTEL
392,A4-3300,32.0,1178.0,228,,2011-09-07,2,2,2.5,65.0,
393,EPYC 7401P,14.0,4800.0,213,,2017-06-29,24,48,2.0,170.0,GLOBALFOUNDRIES
394,Celeron G470,,,,,,,,,,
395,Core i7-11700F,14.0,,276,,2021-03-16,8,16,2.5,65.0,INTEL
396,A6-9500,28.0,3100.0,250,,2016-09-05,2,2,3.5,65.0,GLOBALFOUNDRIES
397,Xeon E5-2640 v4,,,,,,,,,,
398,Core i5-3570,22.0,1400.0,160,194.0,2012-06-01,4,4,3.4,77.0,INTEL
399,Xeon E5-2697 v2,22.0,1400.0,160,,2013-09-01,12,24,2.7,130.0,INTEL
400,Xeon E3-1225V5,,,,,,,,,,
401,EPYC 7302,7.0,3800.0,74,,2019-08-07,16,32,3.0,155.0,TSMC
402,A8-6500,32.0,1303.0,246,,2013-06-01,4,4,3.5,65.0,GLOBALFOUNDRIES
403,Ryzen 3 4300GE,7.0,9800.0,156,,2020-07-21,4,8,3.5,35.0,TSMC
404,Core i9-10900F,14.0,,,,2020-04-30,10,20,2.8,65.0,INTEL
405,Xeon E5-2690 v2,22.0,1400.0,160,,2013-09-01,10,20,3.0,130.0,INTEL
406,A12-9800E,28.0,3100.0,250,,2017-07-27,4,4,3.1,35.0,GLOBALFOUNDRIES
407,Core i7-9700F,14.0,,180.3,333.0,2019-04-23,8,8,3.0,65.0,INTEL
408,EPYC 7282,7.0,3800.0,74,,2019-08-07,16,32,2.8,120.0,TSMC
409,Core i9-11900F,14.0,,276,422.0,2021-03-16,8,16,2.5,65.0,INTEL
410,Opteron 6234,,,,,,,,,,
411,Athlon II X2 280,45.0,410.0,117,,2013-02-06,2,2,3.6,65.0,
412,Pentium G5420,,,,,,,,,,
413,Ryzen 5 3400G,12.0,4940.0,210,149.0,2019-07-07,4,8,3.7,65.0,GLOBALFOUNDRIES
414,Core i7-3820,32.0,1270.0,294,,2012-02-13,4,8,3.6,130.0,INTEL
415,FX 8370,32.0,1200.0,315,,2014-09-02,8,8,4.0,125.0,
416,A10-9700,28.0,3100.0,250,,2017-07-27,4,4,3.5,65.0,GLOBALFOUNDRIES
417,Opteron 4234,,,,,,,,,,
418,EPYC 7702,7.0,3800.0,74,,2019-08-07,64,128,2.0,200.0,TSMC
419,Ryzen 9 3900X,7.0,7600.0,148,499.0,2019-07-07,12,24,3.8,105.0,TSMC
420,Xeon E5-2630 v2,22.0,1400.0,160,,2013-09-01,6,12,2.6,80.0,INTEL
421,Opteron 8378,,,,,,,,,,
422,Pentium G4620,14.0,,,,2017-01-03,2,4,3.7,51.0,INTEL
423,Core i7-6900K,14.0,3400.0,246,1089.0,2016-05-31,8,16,3.2,140.0,INTEL
424,A10-7850K,28.0,2411.0,245,,2014-01-14,4,4,3.7,95.0,GLOBALFOUNDRIES
425,EPYC 7261,14.0,4800.0,213,,2018-06-14,8,16,2.5,170.0,GLOBALFOUNDRIES
426,Pentium G4600,14.0,,,,2017-01-03,2,4,3.6,51.0,INTEL
427,Ryzen 9 5900X,7.0,4150.0,81,549.0,2020-11-05,12,24,3.7,105.0,TSMC
428,Core i7-4810MQ,22.0,1400.0,177,378.0,2014-01-20,4,8,2.8,47.0,INTEL
429,Xeon E5-2430 v2,22.0,1400.0,160,,2013-09-01,6,12,2.5,80.0,INTEL
430,Core i5-10400,14.0,,,,2020-04-30,6,12,2.9,65.0,INTEL
431,Core i5-3570K,22.0,1400.0,160,212.0,2012-04-29,4,4,3.4,77.0,INTEL
432,EPYC 7251,14.0,4800.0,213,,2017-06-29,8,16,2.1,120.0,GLOBALFOUNDRIES
433,Core i5-9600KF,14.0,,,,2019-01-08,6,6,3.7,95.0,INTEL
434,Core i7-7740X,14.0,,,,2017-06-26,4,8,4.3,112.0,INTEL
435,Core i3-9100F,14.0,,126,122.0,2019-04-23,4,4,3.6,65.0,INTEL
436,Ryzen 5 1400,14.0,4800.0,213,169.0,2017-04-11,4,8,3.2,65.0,GLOBALFOUNDRIES
437,A10-7860K,28.0,2411.0,245,,2016-02-02,4,4,3.6,65.0,GLOBALFOUNDRIES
438,Ryzen 7 1700,14.0,4800.0,213,329.0,2017-03-02,8,16,3.0,65.0,GLOBALFOUNDRIES
439,Athlon 3000G,14.0,4800.0,148,,2019-11-20,2,4,3.5,35.0,
440,Core i7-6800K,14.0,3400.0,246,434.0,2016-05-31,6,12,3.4,140.0,INTEL
441,Core i7-5820K,22.0,2600.0,356,,2014-09-01,6,12,3.3,140.0,INTEL
442,Core i7-5775C,14.0,,182,366.0,2015-05-15,4,8,3.3,65.0,INTEL
443,Core i3-4150,22.0,1400.0,177,117.0,2014-05-01,2,4,3.5,54.0,INTEL
444,Ryzen 5 4500,7.0,9800.0,156,129.0,2022-04-04,6,12,3.6,65.0,TSMC
445,Athlon 5370,28.0,,107,,2014-04-09,4,4,2.2,25.0,GLOBALFOUNDRIES
446,Athlon II X3 460,45.0,300.0,169,,2011-05-03,3,3,3.4,95.0,
447,Xeon E3-1275V2,,,,,,,,,,
448,FX 8120,32.0,1200.0,315,,2011-10-12,8,8,3.1,125.0,
449,Xeon E5-2643 v2,22.0,1400.0,160,,2013-09-01,6,12,3.5,130.0,INTEL
450,Ryzen 5 2600X,12.0,4800.0,213,229.0,2018-04-19,6,12,3.6,95.0,GLOBALFOUNDRIES
451,Core i3-3225,22.0,,118,,2012-09-03,2,4,3.3,55.0,INTEL
452,Ryzen 3 3200G Bulk,,,,,,,,,,
453,Athlon X2 370K,,,,,,,,,,
454,Xeon E5-2603,32.0,1270.0,294,,2012-03-06,4,4,1.8,80.0,INTEL
455,Core i3-3220,22.0,,94,,2012-09-03,2,4,3.3,55.0,INTEL
456,Core i9-10900,14.0,,,,2020-04-30,10,20,2.8,65.0,INTEL
457,Ryzen 5 PRO 4650G,7.0,9800.0,156,,2020-07-21,6,12,3.7,65.0,TSMC
458,Celeron G5900,14.0,,,,2020-04-30,2,2,3.4,58.0,INTEL
459,Core i5-3470,22.0,1400.0,160,184.0,2012-06-01,4,4,3.2,77.0,INTEL
460,Celeron G550,32.0,504.0,131,,2012-06-01,2,2,2.6,65.0,INTEL
461,Pentium G3250,22.0,1400.0,177,,2014-07-21,2,2,3.2,54.0,INTEL
462,A4-3400,32.0,1178.0,228,,2011-09-07,2,2,2.7,65.0,
463,Pentium G870,32.0,504.0,131,,2012-06-03,2,2,3.1,65.0,INTEL
464,Xeon E5-2650,32.0,2270.0,435,,2012-03-06,8,16,2.0,95.0,INTEL
465,A8-6500T,32.0,1303.0,246,,2013-09-16,4,4,2.1,45.0,GLOBALFOUNDRIES
466,EPYC 7281,14.0,4800.0,213,,2017-06-29,16,32,2.1,170.0,GLOBALFOUNDRIES
467,Core i5-3350P,22.0,,133,,2012-09-03,4,4,3.1,69.0,INTEL
468,Core i7-11700KF,14.0,,276,,2021-03-16,8,16,3.6,125.0,INTEL
469,Xeon E3-1220V2,,,,,,,,,,
470,A6-5400K,32.0,1303.0,246,,2012-10-02,2,2,3.6,65.0,GLOBALFOUNDRIES
471,Core i9-12900KS,10.0,,215,739.0,2022-04-05,16,24,3.4,150.0,INTEL
472,Core i5-6500,14.0,,177,,2015-07-02,4,4,3.2,65.0,INTEL
473,Core i5-8500,14.0,,,,2018-02-14,6,6,3.0,65.0,INTEL
474,A8-7600,28.0,2411.0,245,,2014-07-31,4,4,3.1,65.0,GLOBALFOUNDRIES
475,EPYC 7502,7.0,3800.0,74,,2019-08-07,32,64,2.5,180.0,TSMC
476,FX 9370-WOX,,,,,,,,,,
477,Opteron 6370P,,,,,,,,,,
478,Core i7-6950X,14.0,3400.0,246,1723.0,2016-05-31,10,20,3.0,140.0,INTEL
479,Xeon E3-1270V3,,,,,,,,,,
480,Xeon E3-1275V3,,,,,,,,,,
481,Xeon E3-1230V5,,,,,,,,,,
482,Xeon E3-1245V6,,,,,,,,,,
483,Pentium G6400,14.0,,,,2020-04-30,2,4,4.0,58.0,INTEL
484,Core i5-8600,14.0,,,,2018-02-14,6,6,3.1,65.0,INTEL
485,Celeron G5905,,,,,,,,,,
486,Ryzen 5 5500,7.0,10700.0,180,159.0,2022-04-04,6,12,3.6,65.0,TSMC
487,Core i5-11400,14.0,,276,,2021-03-16,6,12,2.6,65.0,INTEL
488,Core i3-7300,14.0,,,,2017-01-03,2,4,4.0,51.0,INTEL
489,Xeon E5-2620 v4,,,,,,,,,,
490,Celeron G4920,14.0,,126,52.0,2018-04-03,2,2,3.2,54.0,INTEL
491,Ryzen Threadripper 1920X,14.0,9600.0,426,799.0,2017-08-10,12,24,3.5,180.0,GLOBALFOUNDRIES
492,Core i5-12600,10.0,,163,233.0,2022-01-01,6,12,3.3,65.0,INTEL
493,EPYC 7451,14.0,4800.0,213,,2017-06-29,24,48,2.3,180.0,GLOBALFOUNDRIES
494,EPYC 7302P,7.0,3800.0,74,,2019-08-07,16,32,3.0,155.0,TSMC
495,Ryzen 7 3800X,7.0,3800.0,74,399.0,2019-07-07,8,16,3.9,105.0,TSMC
496,Ryzen 5 5600G,7.0,10700.0,180,259.0,2021-04-13,6,12,3.9,65.0,TSMC
497,Core i7-4820K,22.0,1860.0,257,,2013-09-01,4,8,3.7,130.0,INTEL
498,Core i7-10700F,14.0,,,,2020-04-30,8,16,2.9,65.0,INTEL
499,A10-7700K,28.0,2411.0,245,,2014-01-14,4,4,3.4,95.0,GLOBALFOUNDRIES
500,Xeon E5-2620 v3,22.0,2600.0,356,417.0,2014-09-08,6,12,2.4,85.0,INTEL
501,Ryzen 5 4600G,7.0,9800.0,156,154.0,2020-07-21,6,12,3.7,65.0,TSMC
502,A8-7650K,28.0,2411.0,245,,2015-01-07,4,4,3.3,95.0,GLOBALFOUNDRIES
503,A10-7890K,28.0,2411.0,245,,2016-01-11,4,4,4.0,95.0,GLOBALFOUNDRIES
504,Core i3-4330,22.0,1400.0,177,,2013-09-01,2,4,3.5,54.0,INTEL
505,Ryzen 5 3600X,7.0,3800.0,74,249.0,2019-07-07,6,12,3.8,95.0,TSMC
506,Xeon Silver 4114,,,,,,,,,,
507,Core i5-4690,22.0,1400.0,177,,2014-05-01,4,4,3.4,84.0,INTEL
508,A6-3650,32.0,1178.0,228,,2011-06-30,4,4,2.6,100.0,GLOBALFOUNDRIES
509,Core i7-11700,14.0,,276,,2021-03-16,8,16,2.5,65.0,INTEL
510,Xeon E3-1240V3,,,,,,,,,,
511,Xeon E5-2603 v3,22.0,2600.0,356,213.0,2014-09-08,6,6,1.6,85.0,INTEL
512,Pentium G3420,22.0,1400.0,177,,2013-09-01,2,2,3.2,54.0,INTEL
513,Ryzen 9 7900X,5.0,13140.0,142,549.0,2022-09-27,12,24,4.7,170.0,TSMC
514,Core i7-10700K,14.0,,,,2020-04-30,8,16,3.8,125.0,INTEL
515,Core i7-8700,14.0,,154,,2018-01-01,6,12,3.2,65.0,INTEL
516,Core i5-3210M,22.0,,118,,2012-06-01,2,4,2.5,35.0,INTEL
517,Core i7-12700F,10.0,,215,324.0,2022-01-04,12,20,2.1,65.0,INTEL
518,Xeon E3-1275V5,,,,,,,,,,
519,Pentium G860,32.0,504.0,131,,2011-09-04,2,2,3.0,65.0,INTEL
520,Core i5-9400F,14.0,,,,2019-01-08,6,6,2.9,65.0,INTEL
521,Athlon II X3 450,45.0,300.0,169,,2010-09-21,3,3,3.2,95.0,
522,A4-6320,32.0,1303.0,246,,2013-12-01,2,2,3.8,65.0,GLOBALFOUNDRIES
523,Xeon E5620,32.0,1170.0,239,,2010-03-16,4,8,2.4,80.0,INTEL
524,Ryzen Threadripper PRO 3975WX,7.0,15200.0,296,2749.0,2020-07-14,32,64,3.5,280.0,TSMC
525,Core i7-4960X,22.0,1860.0,257,,2013-09-03,6,12,3.6,130.0,INTEL
526,Xeon E5-2407 v2,22.0,1400.0,160,,2013-09-01,4,4,2.4,80.0,INTEL
527,Xeon E5-1660 v3,22.0,2600.0,356,,2014-09-08,8,16,3.0,140.0,INTEL
528,Core i5-4430,22.0,1400.0,177,,2013-06-02,4,4,3.0,84.0,INTEL
529,A8-7670K,28.0,2411.0,245,,2015-07-20,4,4,3.6,95.0,GLOBALFOUNDRIES
530,EPYC 7262,7.0,3800.0,74,,2019-08-07,8,16,3.1,155.0,TSMC
531,Ryzen 5 2600X MAX,,,,,,,,,,
532,A4-4000,32.0,1303.0,246,,2013-05-01,2,2,3.0,65.0,GLOBALFOUNDRIES
533,Pentium G2120,22.0,,94,,2012-09-03,2,2,3.1,55.0,INTEL
534,Xeon E5-2690 v4,,,,,,,,,,
535,Core i9-12900,10.0,,215,519.0,2022-01-04,16,24,2.4,65.0,INTEL
